case,index,channel,unit
LC1_ED,0,Time,s
LC1_ED,1,ConvIter,-
LC1_ED,2,ConvError,-
LC1_ED,3,NumUJac,-
LC1_ED,4,Wind1VelX,m/s
LC1_ED,5,Wind1VelY,m/s
LC1_ED,6,Wind1VelZ,m/s
LC1_ED,7,GenSpeed,rpm
LC1_ED,8,RotSpeed,rpm
LC1_ED,9,Azimuth,deg
LC1_ED,10,BldPitch1,deg
LC1_ED,11,BldPitch2,deg
LC1_ED,12,BldPitch3,deg
LC1_ED,13,PtfmSurge,m
LC1_ED,14,PtfmSway,m
LC1_ED,15,PtfmHeave,m
LC1_ED,16,PtfmRoll,deg
LC1_ED,17,PtfmPitch,deg
LC1_ED,18,PtfmYaw,deg
LC1_ED,19,TTDspFA,m
LC1_ED,20,TTDspSS,m
LC1_ED,21,YawBrFxp,kN
LC1_ED,22,YawBrFyp,kN
LC1_ED,23,YawBrFzp,kN
LC1_ED,24,YawBrMxp,kN-m
LC1_ED,25,YawBrMyp,kN-m
LC1_ED,26,YawBrMzp,kN-m
LC1_ED,27,TipDxc1,m
LC1_ED,28,TipDyc1,m
LC1_ED,29,TipDzc1,m
LC1_ED,30,TipDxb1,m
LC1_ED,31,TipDyb1,m
LC1_ED,32,RootFxb1,kN
LC1_ED,33,RootFyb1,kN
LC1_ED,34,RootFzb1,kN
LC1_ED,35,RootMxb1,kN-m
LC1_ED,36,RootMyb1,kN-m
LC1_ED,37,RootMzb1,kN-m
LC1_ED,38,TipDxc2,m
LC1_ED,39,TipDyc2,m
LC1_ED,40,TipDzc2,m
LC1_ED,41,TipDxb2,m
LC1_ED,42,TipDyb2,m
LC1_ED,43,RootFxb2,kN
LC1_ED,44,RootFyb2,kN
LC1_ED,45,RootFzb2,kN
LC1_ED,46,RootMxb2,kN-m
LC1_ED,47,RootMyb2,kN-m
LC1_ED,48,RootMzb2,kN-m
LC1_ED,49,TipDxc3,m
LC1_ED,50,TipDyc3,m
LC1_ED,51,TipDzc3,m
LC1_ED,52,TipDxb3,m
LC1_ED,53,TipDyb3,m
LC1_ED,54,RootFxb3,kN
LC1_ED,55,RootFyb3,kN
LC1_ED,56,RootFzb3,kN
LC1_ED,57,RootMxb3,kN-m
LC1_ED,58,RootMyb3,kN-m
LC1_ED,59,RootMzb3,kN-m
LC1_ED,60,RtAeroMxh,N-m
LC1_ED,61,RtAeroFxh,N
LC1_ED,62,GenPwr,kW
LC1_ED,63,GenTq,kN-m
LC1_ED,64,Wave1Elev,m
LC1_ED,65,B1WvsFxi,N
LC1_ED,66,B1WvsFyi,N
LC1_ED,67,B1WvsFzi,N
LC1_ED,68,B1WvsMxi,N-m
LC1_ED,69,B1WvsMyi,N-m
LC1_ED,70,B1WvsMzi,N-m
LC1_ED,71,B1WvsF1xi,N
LC1_ED,72,B1WvsF1yi,N
LC1_ED,73,B1WvsF1zi,N
LC1_ED,74,B1WvsM1xi,N-m
LC1_ED,75,B1WvsM1yi,N-m
LC1_ED,76,B1WvsM1zi,N-m
LC1_ED,77,B1WvsF2xi,N
LC1_ED,78,B1WvsF2yi,N
LC1_ED,79,B1WvsF2zi,N
LC1_ED,80,B1WvsM2xi,N-m
LC1_ED,81,B1WvsM2yi,N-m
LC1_ED,82,B1WvsM2zi,N-m
LC1_ED,83,FAIRTEN1,N
LC1_ED,84,FAIRTEN2,N
LC1_ED,85,FAIRTEN3,N
LC1_ED,86,ANCHTEN1,N
LC1_ED,87,ANCHTEN2,N
LC1_ED,88,ANCHTEN3,N
LC1_ED,89,CON1FX,N
LC1_ED,90,CON3FX,N
LC1_ED,91,CON5FX,N
LC1_ED,92,CON1FY,N
LC1_ED,93,CON3FY,N
LC1_ED,94,CON5FY,N
LC1_ED,95,CON1FZ,N
LC1_ED,96,CON3FZ,N
LC1_ED,97,CON5FZ,N
LC1_ED,98,CON2FX,N
LC1_ED,99,CON4FX,N
LC1_ED,100,CON6FX,N
LC1_ED,101,CON2FY,N
LC1_ED,102,CON4FY,N
LC1_ED,103,CON6FY,N
LC1_ED,104,CON2FZ,N
LC1_ED,105,CON4FZ,N
LC1_ED,106,CON6FZ,N
LC1_ED,107,Invalid,-
LC1_ED,108,Invalid,-
LC1_ED,109,Invalid,-
LC1_BD,0,Time,s
LC1_BD,1,ConvIter,-
LC1_BD,2,ConvError,-
LC1_BD,3,NumUJac,-
LC1_BD,4,Wind1VelX,m/s
LC1_BD,5,Wind1VelY,m/s
LC1_BD,6,Wind1VelZ,m/s
LC1_BD,7,GenSpeed,rpm
LC1_BD,8,RotSpeed,rpm
LC1_BD,9,Azimuth,deg
LC1_BD,10,BldPitch1,deg
LC1_BD,11,BldPitch2,deg
LC1_BD,12,BldPitch3,deg
LC1_BD,13,PtfmSurge,m
LC1_BD,14,PtfmSway,m
LC1_BD,15,PtfmHeave,m
LC1_BD,16,PtfmRoll,deg
LC1_BD,17,PtfmPitch,deg
LC1_BD,18,PtfmYaw,deg
LC1_BD,19,TTDspFA,m
LC1_BD,20,TTDspSS,m
LC1_BD,21,YawBrFxp,kN
LC1_BD,22,YawBrFyp,kN
LC1_BD,23,YawBrFzp,kN
LC1_BD,24,YawBrMxp,kN-m
LC1_BD,25,YawBrMyp,kN-m
LC1_BD,26,YawBrMzp,kN-m
LC1_BD,27,B1RootFxr,N
LC1_BD,28,B1RootFyr,N
LC1_BD,29,B1RootFzr,N
LC1_BD,30,B1RootMxr,N-m
LC1_BD,31,B1RootMyr,N-m
LC1_BD,32,B1RootMzr,N-m
LC1_BD,33,B1TipTDxr,m
LC1_BD,34,B1TipTDyr,m
LC1_BD,35,B1TipTDzr,m
LC1_BD,36,B1TipRDxr,-
LC1_BD,37,B1TipRDyr,-
LC1_BD,38,B1TipRDzr,-
LC1_BD,39,B2RootFxr,N
LC1_BD,40,B2RootFyr,N
LC1_BD,41,B2RootFzr,N
LC1_BD,42,B2RootMxr,N-m
LC1_BD,43,B2RootMyr,N-m
LC1_BD,44,B2RootMzr,N-m
LC1_BD,45,B2TipTDxr,m
LC1_BD,46,B2TipTDyr,m
LC1_BD,47,B2TipTDzr,m
LC1_BD,48,B2TipRDxr,-
LC1_BD,49,B2TipRDyr,-
LC1_BD,50,B2TipRDzr,-
LC1_BD,51,B3RootFxr,N
LC1_BD,52,B3RootFyr,N
LC1_BD,53,B3RootFzr,N
LC1_BD,54,B3RootMxr,N-m
LC1_BD,55,B3RootMyr,N-m
LC1_BD,56,B3RootMzr,N-m
LC1_BD,57,B3TipTDxr,m
LC1_BD,58,B3TipTDyr,m
LC1_BD,59,B3TipTDzr,m
LC1_BD,60,B3TipRDxr,-
LC1_BD,61,B3TipRDyr,-
LC1_BD,62,B3TipRDzr,-
LC1_BD,63,RtAeroMxh,N-m
LC1_BD,64,RtAeroFxh,N
LC1_BD,65,GenPwr,kW
LC1_BD,66,GenTq,kN-m
LC1_BD,67,Wave1Elev,m
LC1_BD,68,B1WvsFxi,N
LC1_BD,69,B1WvsFyi,N
LC1_BD,70,B1WvsFzi,N
LC1_BD,71,B1WvsMxi,N-m
LC1_BD,72,B1WvsMyi,N-m
LC1_BD,73,B1WvsMzi,N-m
LC1_BD,74,B1WvsF1xi,N
LC1_BD,75,B1WvsF1yi,N
LC1_BD,76,B1WvsF1zi,N
LC1_BD,77,B1WvsM1xi,N-m
LC1_BD,78,B1WvsM1yi,N-m
LC1_BD,79,B1WvsM1zi,N-m
LC1_BD,80,B1WvsF2xi,N
LC1_BD,81,B1WvsF2yi,N
LC1_BD,82,B1WvsF2zi,N
LC1_BD,83,B1WvsM2xi,N-m
LC1_BD,84,B1WvsM2yi,N-m
LC1_BD,85,B1WvsM2zi,N-m
LC1_BD,86,FAIRTEN1,N
LC1_BD,87,FAIRTEN2,N
LC1_BD,88,FAIRTEN3,N
LC1_BD,89,ANCHTEN1,N
LC1_BD,90,ANCHTEN2,N
LC1_BD,91,ANCHTEN3,N
LC1_BD,92,CON1FX,N
LC1_BD,93,CON3FX,N
LC1_BD,94,CON5FX,N
LC1_BD,95,CON1FY,N
LC1_BD,96,CON3FY,N
LC1_BD,97,CON5FY,N
LC1_BD,98,CON1FZ,N
LC1_BD,99,CON3FZ,N
LC1_BD,100,CON5FZ,N
LC1_BD,101,CON2FX,N
LC1_BD,102,CON4FX,N
LC1_BD,103,CON6FX,N
LC1_BD,104,CON2FY,N
LC1_BD,105,CON4FY,N
LC1_BD,106,CON6FY,N
LC1_BD,107,CON2FZ,N
LC1_BD,108,CON4FZ,N
LC1_BD,109,CON6FZ,N
LC1_BD,110,Invalid,-
LC1_BD,111,Invalid,-
LC1_BD,112,Invalid,-
LC2_ED,0,Time,s
LC2_ED,1,ConvIter,-
LC2_ED,2,ConvError,-
LC2_ED,3,NumUJac,-
LC2_ED,4,Wind1VelX,m/s
LC2_ED,5,Wind1VelY,m/s
LC2_ED,6,Wind1VelZ,m/s
LC2_ED,7,GenSpeed,rpm
LC2_ED,8,RotSpeed,rpm
LC2_ED,9,Azimuth,deg
LC2_ED,10,BldPitch1,deg
LC2_ED,11,BldPitch2,deg
LC2_ED,12,BldPitch3,deg
LC2_ED,13,PtfmSurge,m
LC2_ED,14,PtfmSway,m
LC2_ED,15,PtfmHeave,m
LC2_ED,16,PtfmRoll,deg
LC2_ED,17,PtfmPitch,deg
LC2_ED,18,PtfmYaw,deg
LC2_ED,19,TTDspFA,m
LC2_ED,20,TTDspSS,m
LC2_ED,21,YawBrFxp,kN
LC2_ED,22,YawBrFyp,kN
LC2_ED,23,YawBrFzp,kN
LC2_ED,24,YawBrMxp,kN-m
LC2_ED,25,YawBrMyp,kN-m
LC2_ED,26,YawBrMzp,kN-m
LC2_ED,27,TipDxc1,m
LC2_ED,28,TipDyc1,m
LC2_ED,29,TipDzc1,m
LC2_ED,30,TipDxb1,m
LC2_ED,31,TipDyb1,m
LC2_ED,32,RootFxb1,kN
LC2_ED,33,RootFyb1,kN
LC2_ED,34,RootFzb1,kN
LC2_ED,35,RootMxb1,kN-m
LC2_ED,36,RootMyb1,kN-m
LC2_ED,37,RootMzb1,kN-m
LC2_ED,38,TipDxc2,m
LC2_ED,39,TipDyc2,m
LC2_ED,40,TipDzc2,m
LC2_ED,41,TipDxb2,m
LC2_ED,42,TipDyb2,m
LC2_ED,43,RootFxb2,kN
LC2_ED,44,RootFyb2,kN
LC2_ED,45,RootFzb2,kN
LC2_ED,46,RootMxb2,kN-m
LC2_ED,47,RootMyb2,kN-m
LC2_ED,48,RootMzb2,kN-m
LC2_ED,49,TipDxc3,m
LC2_ED,50,TipDyc3,m
LC2_ED,51,TipDzc3,m
LC2_ED,52,TipDxb3,m
LC2_ED,53,TipDyb3,m
LC2_ED,54,RootFxb3,kN
LC2_ED,55,RootFyb3,kN
LC2_ED,56,RootFzb3,kN
LC2_ED,57,RootMxb3,kN-m
LC2_ED,58,RootMyb3,kN-m
LC2_ED,59,RootMzb3,kN-m
LC2_ED,60,RtAeroMxh,N-m
LC2_ED,61,RtAeroFxh,N
LC2_ED,62,GenPwr,kW
LC2_ED,63,GenTq,kN-m
LC2_ED,64,Wave1Elev,m
LC2_ED,65,B1WvsFxi,N
LC2_ED,66,B1WvsFyi,N
LC2_ED,67,B1WvsFzi,N
LC2_ED,68,B1WvsMxi,N-m
LC2_ED,69,B1WvsMyi,N-m
LC2_ED,70,B1WvsMzi,N-m
LC2_ED,71,B1WvsF1xi,N
LC2_ED,72,B1WvsF1yi,N
LC2_ED,73,B1WvsF1zi,N
LC2_ED,74,B1WvsM1xi,N-m
LC2_ED,75,B1WvsM1yi,N-m
LC2_ED,76,B1WvsM1zi,N-m
LC2_ED,77,B1WvsF2xi,N
LC2_ED,78,B1WvsF2yi,N
LC2_ED,79,B1WvsF2zi,N
LC2_ED,80,B1WvsM2xi,N-m
LC2_ED,81,B1WvsM2yi,N-m
LC2_ED,82,B1WvsM2zi,N-m
LC2_ED,83,FAIRTEN1,N
LC2_ED,84,FAIRTEN2,N
LC2_ED,85,FAIRTEN3,N
LC2_ED,86,ANCHTEN1,N
LC2_ED,87,ANCHTEN2,N
LC2_ED,88,ANCHTEN3,N
LC2_ED,89,CON1FX,N
LC2_ED,90,CON3FX,N
LC2_ED,91,CON5FX,N
LC2_ED,92,CON1FY,N
LC2_ED,93,CON3FY,N
LC2_ED,94,CON5FY,N
LC2_ED,95,CON1FZ,N
LC2_ED,96,CON3FZ,N
LC2_ED,97,CON5FZ,N
LC2_ED,98,CON2FX,N
LC2_ED,99,CON4FX,N
LC2_ED,100,CON6FX,N
LC2_ED,101,CON2FY,N
LC2_ED,102,CON4FY,N
LC2_ED,103,CON6FY,N
LC2_ED,104,CON2FZ,N
LC2_ED,105,CON4FZ,N
LC2_ED,106,CON6FZ,N
LC2_ED,107,Invalid,-
LC2_ED,108,Invalid,-
LC2_ED,109,Invalid,-
LC2_BD,0,Time,s
LC2_BD,1,ConvIter,-
LC2_BD,2,ConvError,-
LC2_BD,3,NumUJac,-
LC2_BD,4,Wind1VelX,m/s
LC2_BD,5,Wind1VelY,m/s
LC2_BD,6,Wind1VelZ,m/s
LC2_BD,7,GenSpeed,rpm
LC2_BD,8,RotSpeed,rpm
LC2_BD,9,Azimuth,deg
LC2_BD,10,BldPitch1,deg
LC2_BD,11,BldPitch2,deg
LC2_BD,12,BldPitch3,deg
LC2_BD,13,PtfmSurge,m
LC2_BD,14,PtfmSway,m
LC2_BD,15,PtfmHeave,m
LC2_BD,16,PtfmRoll,deg
LC2_BD,17,PtfmPitch,deg
LC2_BD,18,PtfmYaw,deg
LC2_BD,19,TTDspFA,m
LC2_BD,20,TTDspSS,m
LC2_BD,21,YawBrFxp,kN
LC2_BD,22,YawBrFyp,kN
LC2_BD,23,YawBrFzp,kN
LC2_BD,24,YawBrMxp,kN-m
LC2_BD,25,YawBrMyp,kN-m
LC2_BD,26,YawBrMzp,kN-m
LC2_BD,27,B1RootFxr,N
LC2_BD,28,B1RootFyr,N
LC2_BD,29,B1RootFzr,N
LC2_BD,30,B1RootMxr,N-m
LC2_BD,31,B1RootMyr,N-m
LC2_BD,32,B1RootMzr,N-m
LC2_BD,33,B1TipTDxr,m
LC2_BD,34,B1TipTDyr,m
LC2_BD,35,B1TipTDzr,m
LC2_BD,36,B1TipRDxr,-
LC2_BD,37,B1TipRDyr,-
LC2_BD,38,B1TipRDzr,-
LC2_BD,39,B2RootFxr,N
LC2_BD,40,B2RootFyr,N
LC2_BD,41,B2RootFzr,N
LC2_BD,42,B2RootMxr,N-m
LC2_BD,43,B2RootMyr,N-m
LC2_BD,44,B2RootMzr,N-m
LC2_BD,45,B2TipTDxr,m
LC2_BD,46,B2TipTDyr,m
LC2_BD,47,B2TipTDzr,m
LC2_BD,48,B2TipRDxr,-
LC2_BD,49,B2TipRDyr,-
LC2_BD,50,B2TipRDzr,-
LC2_BD,51,B3RootFxr,N
LC2_BD,52,B3RootFyr,N
LC2_BD,53,B3RootFzr,N
LC2_BD,54,B3RootMxr,N-m
LC2_BD,55,B3RootMyr,N-m
LC2_BD,56,B3RootMzr,N-m
LC2_BD,57,B3TipTDxr,m
LC2_BD,58,B3TipTDyr,m
LC2_BD,59,B3TipTDzr,m
LC2_BD,60,B3TipRDxr,-
LC2_BD,61,B3TipRDyr,-
LC2_BD,62,B3TipRDzr,-
LC2_BD,63,RtAeroMxh,N-m
LC2_BD,64,RtAeroFxh,N
LC2_BD,65,GenPwr,kW
LC2_BD,66,GenTq,kN-m
LC2_BD,67,Wave1Elev,m
LC2_BD,68,B1WvsFxi,N
LC2_BD,69,B1WvsFyi,N
LC2_BD,70,B1WvsFzi,N
LC2_BD,71,B1WvsMxi,N-m
LC2_BD,72,B1WvsMyi,N-m
LC2_BD,73,B1WvsMzi,N-m
LC2_BD,74,B1WvsF1xi,N
LC2_BD,75,B1WvsF1yi,N
LC2_BD,76,B1WvsF1zi,N
LC2_BD,77,B1WvsM1xi,N-m
LC2_BD,78,B1WvsM1yi,N-m
LC2_BD,79,B1WvsM1zi,N-m
LC2_BD,80,B1WvsF2xi,N
LC2_BD,81,B1WvsF2yi,N
LC2_BD,82,B1WvsF2zi,N
LC2_BD,83,B1WvsM2xi,N-m
LC2_BD,84,B1WvsM2yi,N-m
LC2_BD,85,B1WvsM2zi,N-m
LC2_BD,86,FAIRTEN1,N
LC2_BD,87,FAIRTEN2,N
LC2_BD,88,FAIRTEN3,N
LC2_BD,89,ANCHTEN1,N
LC2_BD,90,ANCHTEN2,N
LC2_BD,91,ANCHTEN3,N
LC2_BD,92,CON1FX,N
LC2_BD,93,CON3FX,N
LC2_BD,94,CON5FX,N
LC2_BD,95,CON1FY,N
LC2_BD,96,CON3FY,N
LC2_BD,97,CON5FY,N
LC2_BD,98,CON1FZ,N
LC2_BD,99,CON3FZ,N
LC2_BD,100,CON5FZ,N
LC2_BD,101,CON2FX,N
LC2_BD,102,CON4FX,N
LC2_BD,103,CON6FX,N
LC2_BD,104,CON2FY,N
LC2_BD,105,CON4FY,N
LC2_BD,106,CON6FY,N
LC2_BD,107,CON2FZ,N
LC2_BD,108,CON4FZ,N
LC2_BD,109,CON6FZ,N
LC2_BD,110,Invalid,-
LC2_BD,111,Invalid,-
LC2_BD,112,Invalid,-
LC3_ED,0,Time,s
LC3_ED,1,ConvIter,-
LC3_ED,2,ConvError,-
LC3_ED,3,NumUJac,-
LC3_ED,4,Wind1VelX,m/s
LC3_ED,5,Wind1VelY,m/s
LC3_ED,6,Wind1VelZ,m/s
LC3_ED,7,GenSpeed,rpm
LC3_ED,8,RotSpeed,rpm
LC3_ED,9,Azimuth,deg
LC3_ED,10,BldPitch1,deg
LC3_ED,11,BldPitch2,deg
LC3_ED,12,BldPitch3,deg
LC3_ED,13,PtfmSurge,m
LC3_ED,14,PtfmSway,m
LC3_ED,15,PtfmHeave,m
LC3_ED,16,PtfmRoll,deg
LC3_ED,17,PtfmPitch,deg
LC3_ED,18,PtfmYaw,deg
LC3_ED,19,TTDspFA,m
LC3_ED,20,TTDspSS,m
LC3_ED,21,YawBrFxp,kN
LC3_ED,22,YawBrFyp,kN
LC3_ED,23,YawBrFzp,kN
LC3_ED,24,YawBrMxp,kN-m
LC3_ED,25,YawBrMyp,kN-m
LC3_ED,26,YawBrMzp,kN-m
LC3_ED,27,TipDxc1,m
LC3_ED,28,TipDyc1,m
LC3_ED,29,TipDzc1,m
LC3_ED,30,TipDxb1,m
LC3_ED,31,TipDyb1,m
LC3_ED,32,RootFxb1,kN
LC3_ED,33,RootFyb1,kN
LC3_ED,34,RootFzb1,kN
LC3_ED,35,RootMxb1,kN-m
LC3_ED,36,RootMyb1,kN-m
LC3_ED,37,RootMzb1,kN-m
LC3_ED,38,TipDxc2,m
LC3_ED,39,TipDyc2,m
LC3_ED,40,TipDzc2,m
LC3_ED,41,TipDxb2,m
LC3_ED,42,TipDyb2,m
LC3_ED,43,RootFxb2,kN
LC3_ED,44,RootFyb2,kN
LC3_ED,45,RootFzb2,kN
LC3_ED,46,RootMxb2,kN-m
LC3_ED,47,RootMyb2,kN-m
LC3_ED,48,RootMzb2,kN-m
LC3_ED,49,TipDxc3,m
LC3_ED,50,TipDyc3,m
LC3_ED,51,TipDzc3,m
LC3_ED,52,TipDxb3,m
LC3_ED,53,TipDyb3,m
LC3_ED,54,RootFxb3,kN
LC3_ED,55,RootFyb3,kN
LC3_ED,56,RootFzb3,kN
LC3_ED,57,RootMxb3,kN-m
LC3_ED,58,RootMyb3,kN-m
LC3_ED,59,RootMzb3,kN-m
LC3_ED,60,RtAeroMxh,N-m
LC3_ED,61,RtAeroFxh,N
LC3_ED,62,GenPwr,kW
LC3_ED,63,GenTq,kN-m
LC3_ED,64,Wave1Elev,m
LC3_ED,65,B1WvsFxi,N
LC3_ED,66,B1WvsFyi,N
LC3_ED,67,B1WvsFzi,N
LC3_ED,68,B1WvsMxi,N-m
LC3_ED,69,B1WvsMyi,N-m
LC3_ED,70,B1WvsMzi,N-m
LC3_ED,71,B1WvsF1xi,N
LC3_ED,72,B1WvsF1yi,N
LC3_ED,73,B1WvsF1zi,N
LC3_ED,74,B1WvsM1xi,N-m
LC3_ED,75,B1WvsM1yi,N-m
LC3_ED,76,B1WvsM1zi,N-m
LC3_ED,77,B1WvsF2xi,N
LC3_ED,78,B1WvsF2yi,N
LC3_ED,79,B1WvsF2zi,N
LC3_ED,80,B1WvsM2xi,N-m
LC3_ED,81,B1WvsM2yi,N-m
LC3_ED,82,B1WvsM2zi,N-m
LC3_ED,83,FAIRTEN1,N
LC3_ED,84,FAIRTEN2,N
LC3_ED,85,FAIRTEN3,N
LC3_ED,86,ANCHTEN1,N
LC3_ED,87,ANCHTEN2,N
LC3_ED,88,ANCHTEN3,N
LC3_ED,89,CON1FX,N
LC3_ED,90,CON3FX,N
LC3_ED,91,CON5FX,N
LC3_ED,92,CON1FY,N
LC3_ED,93,CON3FY,N
LC3_ED,94,CON5FY,N
LC3_ED,95,CON1FZ,N
LC3_ED,96,CON3FZ,N
LC3_ED,97,CON5FZ,N
LC3_ED,98,CON2FX,N
LC3_ED,99,CON4FX,N
LC3_ED,100,CON6FX,N
LC3_ED,101,CON2FY,N
LC3_ED,102,CON4FY,N
LC3_ED,103,CON6FY,N
LC3_ED,104,CON2FZ,N
LC3_ED,105,CON4FZ,N
LC3_ED,106,CON6FZ,N
LC3_ED,107,Invalid,-
LC3_ED,108,Invalid,-
LC3_ED,109,Invalid,-
LC3_BD,0,Time,s
LC3_BD,1,ConvIter,-
LC3_BD,2,ConvError,-
LC3_BD,3,NumUJac,-
LC3_BD,4,Wind1VelX,m/s
LC3_BD,5,Wind1VelY,m/s
LC3_BD,6,Wind1VelZ,m/s
LC3_BD,7,GenSpeed,rpm
LC3_BD,8,RotSpeed,rpm
LC3_BD,9,Azimuth,deg
LC3_BD,10,BldPitch1,deg
LC3_BD,11,BldPitch2,deg
LC3_BD,12,BldPitch3,deg
LC3_BD,13,PtfmSurge,m
LC3_BD,14,PtfmSway,m
LC3_BD,15,PtfmHeave,m
LC3_BD,16,PtfmRoll,deg
LC3_BD,17,PtfmPitch,deg
LC3_BD,18,PtfmYaw,deg
LC3_BD,19,TTDspFA,m
LC3_BD,20,TTDspSS,m
LC3_BD,21,YawBrFxp,kN
LC3_BD,22,YawBrFyp,kN
LC3_BD,23,YawBrFzp,kN
LC3_BD,24,YawBrMxp,kN-m
LC3_BD,25,YawBrMyp,kN-m
LC3_BD,26,YawBrMzp,kN-m
LC3_BD,27,B1RootFxr,N
LC3_BD,28,B1RootFyr,N
LC3_BD,29,B1RootFzr,N
LC3_BD,30,B1RootMxr,N-m
LC3_BD,31,B1RootMyr,N-m
LC3_BD,32,B1RootMzr,N-m
LC3_BD,33,B1TipTDxr,m
LC3_BD,34,B1TipTDyr,m
LC3_BD,35,B1TipTDzr,m
LC3_BD,36,B1TipRDxr,-
LC3_BD,37,B1TipRDyr,-
LC3_BD,38,B1TipRDzr,-
LC3_BD,39,B2RootFxr,N
LC3_BD,40,B2RootFyr,N
LC3_BD,41,B2RootFzr,N
LC3_BD,42,B2RootMxr,N-m
LC3_BD,43,B2RootMyr,N-m
LC3_BD,44,B2RootMzr,N-m
LC3_BD,45,B2TipTDxr,m
LC3_BD,46,B2TipTDyr,m
LC3_BD,47,B2TipTDzr,m
LC3_BD,48,B2TipRDxr,-
LC3_BD,49,B2TipRDyr,-
LC3_BD,50,B2TipRDzr,-
LC3_BD,51,B3RootFxr,N
LC3_BD,52,B3RootFyr,N
LC3_BD,53,B3RootFzr,N
LC3_BD,54,B3RootMxr,N-m
LC3_BD,55,B3RootMyr,N-m
LC3_BD,56,B3RootMzr,N-m
LC3_BD,57,B3TipTDxr,m
LC3_BD,58,B3TipTDyr,m
LC3_BD,59,B3TipTDzr,m
LC3_BD,60,B3TipRDxr,-
LC3_BD,61,B3TipRDyr,-
LC3_BD,62,B3TipRDzr,-
LC3_BD,63,RtAeroMxh,N-m
LC3_BD,64,RtAeroFxh,N
LC3_BD,65,GenPwr,kW
LC3_BD,66,GenTq,kN-m
LC3_BD,67,Wave1Elev,m
LC3_BD,68,B1WvsFxi,N
LC3_BD,69,B1WvsFyi,N
LC3_BD,70,B1WvsFzi,N
LC3_BD,71,B1WvsMxi,N-m
LC3_BD,72,B1WvsMyi,N-m
LC3_BD,73,B1WvsMzi,N-m
LC3_BD,74,B1WvsF1xi,N
LC3_BD,75,B1WvsF1yi,N
LC3_BD,76,B1WvsF1zi,N
LC3_BD,77,B1WvsM1xi,N-m
LC3_BD,78,B1WvsM1yi,N-m
LC3_BD,79,B1WvsM1zi,N-m
LC3_BD,80,B1WvsF2xi,N
LC3_BD,81,B1WvsF2yi,N
LC3_BD,82,B1WvsF2zi,N
LC3_BD,83,B1WvsM2xi,N-m
LC3_BD,84,B1WvsM2yi,N-m
LC3_BD,85,B1WvsM2zi,N-m
LC3_BD,86,FAIRTEN1,N
LC3_BD,87,FAIRTEN2,N
LC3_BD,88,FAIRTEN3,N
LC3_BD,89,ANCHTEN1,N
LC3_BD,90,ANCHTEN2,N
LC3_BD,91,ANCHTEN3,N
LC3_BD,92,CON1FX,N
LC3_BD,93,CON3FX,N
LC3_BD,94,CON5FX,N
LC3_BD,95,CON1FY,N
LC3_BD,96,CON3FY,N
LC3_BD,97,CON5FY,N
LC3_BD,98,CON1FZ,N
LC3_BD,99,CON3FZ,N
LC3_BD,100,CON5FZ,N
LC3_BD,101,CON2FX,N
LC3_BD,102,CON4FX,N
LC3_BD,103,CON6FX,N
LC3_BD,104,CON2FY,N
LC3_BD,105,CON4FY,N
LC3_BD,106,CON6FY,N
LC3_BD,107,CON2FZ,N
LC3_BD,108,CON4FZ,N
LC3_BD,109,CON6FZ,N
LC3_BD,110,Invalid,-
LC3_BD,111,Invalid,-
LC3_BD,112,Invalid,-
