channel,ed,bd,ed_unit,bd_unit,unit,ed_factor,bd_factor,basis
GenPwr,GenPwr,GenPwr,kW,kW,kW,1,1,same module and output definition
GenTq,GenTq,GenTq,kN-m,kN-m,kN-m,1,1,same module and output definition
RotSpeed,RotSpeed,RotSpeed,rpm,rpm,rpm,1,1,same module and output definition
GenSpeed,GenSpeed,GenSpeed,rpm,rpm,rpm,1,1,same module and output definition
BldPitch1,BldPitch1,BldPitch1,deg,deg,deg,1,1,same module and output definition
BldPitch2,BldPitch2,BldPitch2,deg,deg,deg,1,1,same module and output definition
BldPitch3,BldPitch3,BldPitch3,deg,deg,deg,1,1,same module and output definition
RtAeroFxh,RtAeroFxh,RtAeroFxh,N,N,N,1,1,same module and output definition
RtAeroMxh,RtAeroMxh,RtAeroMxh,N-m,N-m,N-m,1,1,same module and output definition
PtfmSurge,PtfmSurge,PtfmSurge,m,m,m,1,1,same module and output definition
PtfmSway,PtfmSway,PtfmSway,m,m,m,1,1,same module and output definition
PtfmHeave,PtfmHeave,PtfmHeave,m,m,m,1,1,same module and output definition
PtfmRoll,PtfmRoll,PtfmRoll,deg,deg,deg,1,1,same module and output definition
PtfmPitch,PtfmPitch,PtfmPitch,deg,deg,deg,1,1,same module and output definition
PtfmYaw,PtfmYaw,PtfmYaw,deg,deg,deg,1,1,same module and output definition
TTDspFA,TTDspFA,TTDspFA,m,m,m,1,1,same module and output definition
TTDspSS,TTDspSS,TTDspSS,m,m,m,1,1,same module and output definition
YawBrFxp,YawBrFxp,YawBrFxp,kN,kN,kN,1,1,same module and output definition
YawBrFyp,YawBrFyp,YawBrFyp,kN,kN,kN,1,1,same module and output definition
YawBrFzp,YawBrFzp,YawBrFzp,kN,kN,kN,1,1,same module and output definition
YawBrMxp,YawBrMxp,YawBrMxp,kN-m,kN-m,kN-m,1,1,same module and output definition
YawBrMyp,YawBrMyp,YawBrMyp,kN-m,kN-m,kN-m,1,1,same module and output definition
YawBrMzp,YawBrMzp,YawBrMzp,kN-m,kN-m,kN-m,1,1,same module and output definition
TipDxb1,TipDxb1,B1TipTDxr,m,m,m,1,1,pitched root axes; see channel_mapping.md
TipDyb1,TipDyb1,B1TipTDyr,m,m,m,1,1,pitched root axes; see channel_mapping.md
RootFxb1,RootFxb1,B1RootFxr,kN,N,kN,1,0.001,pitched root axes; see channel_mapping.md
RootFyb1,RootFyb1,B1RootFyr,kN,N,kN,1,0.001,pitched root axes; see channel_mapping.md
RootMxb1,RootMxb1,B1RootMxr,kN-m,N-m,kN-m,1,0.001,pitched root axes; see channel_mapping.md
RootMyb1,RootMyb1,B1RootMyr,kN-m,N-m,kN-m,1,0.001,pitched root axes; see channel_mapping.md
TipDxb2,TipDxb2,B2TipTDxr,m,m,m,1,1,pitched root axes; see channel_mapping.md
TipDyb2,TipDyb2,B2TipTDyr,m,m,m,1,1,pitched root axes; see channel_mapping.md
RootFxb2,RootFxb2,B2RootFxr,kN,N,kN,1,0.001,pitched root axes; see channel_mapping.md
RootFyb2,RootFyb2,B2RootFyr,kN,N,kN,1,0.001,pitched root axes; see channel_mapping.md
RootMxb2,RootMxb2,B2RootMxr,kN-m,N-m,kN-m,1,0.001,pitched root axes; see channel_mapping.md
RootMyb2,RootMyb2,B2RootMyr,kN-m,N-m,kN-m,1,0.001,pitched root axes; see channel_mapping.md
TipDxb3,TipDxb3,B3TipTDxr,m,m,m,1,1,pitched root axes; see channel_mapping.md
TipDyb3,TipDyb3,B3TipTDyr,m,m,m,1,1,pitched root axes; see channel_mapping.md
RootFxb3,RootFxb3,B3RootFxr,kN,N,kN,1,0.001,pitched root axes; see channel_mapping.md
RootFyb3,RootFyb3,B3RootFyr,kN,N,kN,1,0.001,pitched root axes; see channel_mapping.md
RootMxb3,RootMxb3,B3RootMxr,kN-m,N-m,kN-m,1,0.001,pitched root axes; see channel_mapping.md
RootMyb3,RootMyb3,B3RootMyr,kN-m,N-m,kN-m,1,0.001,pitched root axes; see channel_mapping.md
