lc,channel,ed_peak_hz,bd_peak_hz,ed_peak_density,bd_peak_density,band,ed_band_power,bd_band_power,band_power_difference_pct
LC1,RotSpeed,0.01220703125,0.01220703125,0.415698171813,0.386015804564,0<f<=2 Hz,0.00784393899735,0.00738199888554,-5.88913442545
LC1,GenPwr,0.01220703125,0.01220703125,7324737.78177,7123986.26188,0<f<=2 Hz,117634.818955,114125.494618,-2.98323605856
LC1,RtAeroFxh,0.01220703125,0.01220703125,208830656331,186792149500,0<f<=2 Hz,4029361066.32,3640163251.74,-9.6590453964
LC1,RtAeroMxh,0.01220703125,0.01220703125,1.70192877275e+13,1.67522800492e+13,0<f<=2 Hz,391514739743,366227760341,-6.45875540178
LC1,PtfmSurge,0.01220703125,0.01220703125,122.381868419,113.521980846,0<f<=2 Hz,1.69639019465,1.56767224837,-7.58775585265
LC1,PtfmPitch,0.01220703125,0.01220703125,2.82949857585,2.48513825427,0<f<=2 Hz,0.0497779362891,0.0433022122832,-13.0092255498
LC1,TipDxb1,0.08544921875,0.08544921875,12.8472056171,22.8993624346,0<f<=2 Hz,0.490773874594,0.714784400814,45.6443461678
LC1,RootMyb1,0.08544921875,0.08544921875,194907577.505,264763205.32,0<f<=2 Hz,8360937.97586,9359653.91377,11.9450226852
LC2,RotSpeed,0.01220703125,0.01220703125,8.87941876616,7.91946877902,0<f<=2 Hz,0.144477623064,0.124768874546,-13.6413848045
LC2,GenPwr,0.01220703125,0.01220703125,134509018.598,117851985.473,0<f<=2 Hz,2101963.44033,1818664.85394,-13.4778075086
LC2,RtAeroFxh,0.01220703125,0.01220703125,2.00748402183e+12,1.05904738099e+12,0<f<=2 Hz,38098356692.2,22070349095.3,-42.070075952
LC2,RtAeroMxh,0.01220703125,0.01220703125,1.34877953513e+14,1.15246262503e+14,0<f<=2 Hz,4.15560511857e+12,3.72841323605e+12,-10.2798959559
LC2,PtfmSurge,0.01220703125,0.01220703125,933.21288807,636.41642622,0<f<=2 Hz,13.2753197372,9.03358038961,-31.9520691897
LC2,PtfmPitch,0.01220703125,0.01220703125,21.7032661201,11.427514924,0<f<=2 Hz,0.598709813587,0.35953118422,-39.9490076726
LC2,TipDxb1,0.01220703125,0.01220703125,90.8598992468,54.7117557979,0<f<=2 Hz,2.58036525072,2.16011533205,-16.2864508642
LC2,RootMyb1,0.01220703125,0.01220703125,1356817553.53,708724266.228,0<f<=2 Hz,41288596.8155,28550572.7581,-30.8511914664
LC3,RotSpeed,0.01220703125,0.01220703125,4.98016903899,3.07673305745,0<f<=2 Hz,0.126821586845,0.085033820337,-32.9500422979
LC3,GenPwr,0.01220703125,0.01220703125,50064332.814,38721464.7069,0<f<=2 Hz,1106701.36627,851620.774481,-23.0487283713
LC3,RtAeroFxh,0.01220703125,0.01220703125,1.15003114311e+12,648136917395,0<f<=2 Hz,36040158053.3,37366768199.6,3.68092211006
LC3,RtAeroMxh,0.0244140625,0.1220703125,1.16979369975e+14,9.9478842763e+13,0<f<=2 Hz,7.65840384654e+12,1.09141936773e+13,42.5126422683
LC3,PtfmSurge,0.01220703125,0.01220703125,586.557792561,409.265477281,0<f<=2 Hz,8.22102707234,5.75031471703,-30.0535727904
LC3,PtfmPitch,0.0244140625,0.0244140625,15.2150178194,9.37227061627,0<f<=2 Hz,0.407416687681,0.265835138829,-34.7510431294
LC3,TipDxb1,0.1220703125,0.1220703125,103.968044083,187.412228692,0<f<=2 Hz,5.04682468397,7.104022626,40.7622231968
LC3,RootMyb1,0.1220703125,0.1220703125,1969664556.82,2533290074.23,0<f<=2 Hz,82353016.383,88085148.9148,6.96044028934
