lc,channel,unit,ed_mean,ed_std,ed_rms,ed_minimum,ed_maximum,ed_peak_to_peak,bd_mean,bd_std,bd_rms,bd_minimum,bd_maximum,bd_peak_to_peak,mean_difference,absolute_mean_difference,mean_reference_threshold,relative_mean_difference_pct,relative_std_difference_pct,relative_rms_difference_pct,std_difference,rms_difference
LC1,GenPwr,kW,1773.6662834,667.98430025,1895.28232995,774.667579043,3337.53948705,2562.871908,1640.54672977,641.880381045,1761.64809089,747.237626406,3263.47861493,2516.24098852,-133.119553627,133.119553627,189.528232995,-7.50533259119,-3.90786418109,-7.05088824786,-26.1039192048,-133.634239066
LC1,GenTq,kN-m,3519.68372126,1307.32506987,3754.63344896,1565.79463799,6488.11434165,4922.31970366,3257.08214426,1256.89877825,3491.18584914,1507.82460897,6337.75457888,4829.92996991,-262.601577002,262.601577002,375.463344896,-7.46094245389,-3.85721139952,-7.01659971344,-50.426291624,-263.44759982
LC1,RotSpeed,rpm,5.01633692354,0.0986739183681,5.01730731295,4.77870957184,5.19617181785,0.417462246015,5.01462385649,0.095858853828,5.01553998507,4.77222924191,5.20459630605,0.432367064148,-0.00171306705165,0.00171306705165,0.501730731295,-0.0341497606273,-2.85289627352,-0.0352246288092,-0.00281506454006,-0.0017673278772
LC1,GenSpeed,rpm,5.01633692354,0.0986739183681,5.01730731295,4.77870957184,5.19617181785,0.417462246015,5.01462385649,0.095858853828,5.01553998507,4.77222924191,5.20459630605,0.432367064148,-0.00171306705165,0.00171306705165,0.501730731295,-0.0341497606273,-2.85289627352,-0.0352246288092,-0.00281506454006,-0.0017673278772
LC1,BldPitch1,deg,2.55707300023,0.625063978959,2.63236154551,1.13765905466,3.32143833271,2.18377927805,2.68213259812,0.601068954193,2.74865770179,1.22000490518,3.34669089628,2.1266859911,0.125059597895,0.125059597895,0.263236154551,4.89073240708,-3.83881099765,4.41794009932,-0.0239950247666,0.116296156278
LC1,BldPitch2,deg,2.55707300023,0.625063978959,2.63236154551,1.13765905466,3.32143833271,2.18377927805,2.68213259812,0.601068954193,2.74865770179,1.22000490518,3.34669089628,2.1266859911,0.125059597895,0.125059597895,0.263236154551,4.89073240708,-3.83881099765,4.41794009932,-0.0239950247666,0.116296156278
LC1,BldPitch3,deg,2.55707300023,0.625063978959,2.63236154551,1.13765905466,3.32143833271,2.18377927805,2.68213259812,0.601068954193,2.74865770179,1.22000490518,3.34669089628,2.1266859911,0.125059597895,0.125059597895,0.263236154551,4.89073240708,-3.83881099765,4.41794009932,-0.0239950247666,0.116296156278
LC1,RtAeroFxh,N,611212.899305,129573.862996,624796.442251,391664.52996,942434.006012,550769.476052,524600.974093,122804.661347,538783.042484,314118.291652,866374.479408,552256.187756,-86611.9252119,86611.9252119,62479.6442251,-14.1705002153,-5.22420300905,-13.7666276487,-6769.20164959,-86013.3997667
LC1,RtAeroMxh,N-m,3511531.42492,1238057.19209,3723390.73414,1350065.62238,7058530.77125,5708465.14887,3246752.50573,1188852.60587,3457567.40382,1156185.37125,6948611.72344,5792426.35219,-264778.919187,264778.919187,372339.073414,-7.54026910617,-3.97433870871,-7.13928108276,-49204.586221,-265823.33032
LC1,PtfmSurge,m,7.95687916214,2.64367111731,8.38456456695,4.57835695589,13.981866448,9.40350949208,6.97704899322,2.67111717034,7.47088211602,3.43505854635,12.9261482719,9.49108972552,-0.979830168924,0.979830168924,0.838456456695,-12.3142522207,1.03817955431,-10.8971961948,0.0274460530231,-0.913682450938
LC1,PtfmSway,m,0.0204734383881,0.391469575751,0.392004579588,-0.646946615749,0.795456261051,1.4424028768,0.0420688140698,0.346655122913,0.349198452687,-0.53803760038,0.739764194472,1.27780179485,0.0215953756818,0.0215953756818,0.0392004579588,,-11.44774859,-10.9198027601,-0.0448144528385,-0.0428061269015
LC1,PtfmHeave,m,-0.370408053521,0.145504384395,0.397961872535,-0.632086561962,-0.0961129219094,0.535973640052,-0.355618633337,0.141229879627,0.382636238843,-0.607300832633,-0.08969839908,0.517602433553,0.0147894201845,0.0147894201845,0.0397961872535,3.99273721074,-2.93771544084,-3.85103065136,-0.00427450476747,-0.015325633692
LC1,PtfmRoll,deg,0.110051894525,0.292450623396,0.312472057332,-0.477306884709,0.606900618182,1.08420750289,0.103580858325,0.295225762836,0.312869374106,-0.483818636548,0.61248996851,1.09630860506,-0.00647103619975,0.00647103619975,0.0312472057332,-5.87998618987,0.948925807725,0.127152737346,0.00277513944026,0.000397316774338
LC1,PtfmPitch,deg,0.318028599376,0.394016608985,0.506350943692,-0.290216175697,1.24815339095,1.53836956665,0.0849437716621,0.368091624961,0.377765653164,-0.419935166371,0.983614148179,1.40354931455,-0.233084827714,0.233084827714,0.0506350943692,-73.2905242394,-6.57966781931,-25.394500026,-0.0259249840241,-0.128585290527
LC1,PtfmYaw,deg,0.314935516369,1.00210238837,1.05042542632,-1.47764541344,2.14892717872,3.62657259215,0.534390842088,0.991344298966,1.12620472881,-1.23082311487,2.40255107787,3.63337419274,0.219455325719,0.219455325719,0.105042542632,69.6826220965,-1.0735519176,7.21415348459,-0.0107580894067,0.0757793024957
LC1,TTDspFA,m,-0.0443000756108,0.0417770394173,0.0608918526701,-0.128402114907,0.0686082715603,0.197010386467,-0.0663168486281,0.0399449816713,0.0774178659786,-0.144760489537,0.0405542810096,0.185314770547,-0.0220167730172,0.0220167730172,0.00608918526701,-49.6991770638,-4.38532210884,27.1399416898,-0.00183205774598,0.0165260133085
LC1,TTDspSS,m,-0.0145338148784,0.0191940873238,0.0240758128235,-0.0529310017711,0.0305561790913,0.0834871808623,-0.0137280942155,0.0196083879277,0.023936362462,-0.0538913882792,0.033914683718,0.0878060719972,0.000805720662874,0.000805720662874,0.00240758128235,5.54376582898,2.15848035346,-0.57921351402,0.000414300603911,-0.000139450361484
LC1,YawBrFxp,kN,633.201335746,210.296357304,667.209479463,158.33207992,1202.51674651,1044.18466659,507.298753307,199.458802696,545.101677744,70.0676412561,1066.37930213,996.31166087,-125.902582439,125.902582439,66.7209479463,-19.8834991861,-5.15346758624,-18.3012690134,-10.8375546087,-122.107801719
LC1,YawBrFyp,kN,-28.5371787055,87.4214784798,91.9613259369,-222.127327894,173.065883369,395.193211264,-26.455441962,90.4036687588,94.1950833879,-244.314582513,199.163998295,443.478580808,2.08173674352,2.08173674352,9.19613259369,7.29482323744,3.411278705,2.42901831642,2.98219027898,2.23375745103
LC1,YawBrFzp,kN,-9086.37098203,53.2828921478,9086.52720733,-9289.15652404,-8918.11247477,371.04404927,-9031.28249862,49.7592447909,9031.4195757,-9220.09308219,-8843.80976942,376.283312773,55.0884834102,55.0884834102,908.652720733,0.60627596561,-6.61309327407,-0.606476273943,-3.52364735686,-55.1076316378
LC1,YawBrMxp,kN-m,3817.89295115,1561.29983852,4124.79863414,934.764945971,8266.69675429,7331.93180832,3646.16204794,1508.96551614,3946.07078101,992.180806507,8216.53432184,7224.35351534,-171.730903209,171.730903209,412.479863414,-4.49805443489,-3.35197129265,-4.33300795946,-52.3343223794,-178.727853129
LC1,YawBrMyp,kN-m,-62907.9685211,3142.8436134,62986.4268666,-71863.4549198,-53958.416772,17905.0381478,-62846.0477405,3171.43915068,62926.0180124,-71618.2810607,-53675.8647209,17942.4163398,61.920780541,61.920780541,6298.64268666,0.0984307425541,0.909861921193,-0.0959077332791,28.595537281,-60.4088542813
LC1,YawBrMzp,kN-m,1550.83695255,3326.60123145,3670.33663395,-8275.30577707,11323.0239973,19598.3297744,2510.08342551,3317.21018645,4159.85603406,-7743.31179221,12325.2682338,20068.580026,959.246472957,959.246472957,367.033663395,61.8534702425,-0.282301494795,13.3371799084,-9.39104500225,489.519400112
LC1,TipDxb1,m,4.59219993815,0.904561829538,4.68044147228,2.72224365231,7.45143420575,4.72919055344,4.40812870949,1.03152573652,4.52721151091,2.23584726085,7.74205848747,5.50621122662,-0.18407122866,0.18407122866,0.468044147228,-4.00834526238,14.0359567288,-3.27383564718,0.126963906979,-0.153229961365
LC1,TipDyb1,m,-0.0485772666086,0.862681046721,0.864047648687,-1.45926798404,1.26911745474,2.72838543877,-0.18350883177,0.882101354708,0.900987397978,-1.74970751557,1.28055604959,3.03026356516,-0.134931565161,0.134931565161,0.0864047648687,,2.25115737284,4.27519817301,0.0194203079874,0.0369397492906
LC1,RootFxb1,kN,318.038190918,65.5758746413,324.728326786,148.026553081,509.127537254,361.100984173,282.382500499,67.4401599972,290.324046142,99.3769327728,489.387644823,390.01071205,-35.6556904195,35.6556904195,32.4728326786,-11.2111348378,2.84294394259,-10.5947888762,1.86428535592,-34.4042806442
LC1,RootFyb1,kN,-6.51457567661,477.155150425,477.199619942,-718.604208897,693.504967016,1412.10917591,1.14728581241,467.308608921,467.310017265,-696.666740893,693.579253633,1390.24599453,7.66186148902,7.66186148902,47.7199619942,,-2.0635932559,-2.07242467605,-9.84654150433,-9.8896026777
LC1,RootMxb1,kN-m,307.077043042,13245.3481454,13248.9072682,-19331.8953588,21001.6921228,40333.5874816,327.121880425,12845.5384244,12849.7029591,-19354.2436974,20413.6545909,39767.8982883,20.0448373824,20.0448373824,1324.89072682,,-3.01849159867,-3.01311120275,-399.809720982,-399.204309141
LC1,RootMyb1,kN-m,19387.3717421,3830.82691771,19762.2219889,11088.7818619,31514.5591898,20425.7773279,16651.3475869,3844.30779365,17089.3557185,7993.75440359,29175.358874,21181.6044704,-2736.02415516,2736.02415516,1976.22219889,-14.1124036386,0.351905116763,-13.5251302811,13.4808759378,-2672.86627043
LC1,TipDxb2,m,4.5796507381,0.920937341756,4.67133026775,2.7756583492,7.68267812286,4.90701977366,4.40708273201,1.06189291344,4.53321020541,2.17055759461,8.08245645886,5.91189886424,-0.172568006091,0.172568006091,0.467133026775,-3.76814774662,15.30566362,-2.95676080327,0.14095557168,-0.138120062348
LC1,TipDyb2,m,-0.0460133319197,0.862931337895,0.864157231432,-1.46681297637,1.26185252558,2.72866550195,-0.180558258912,0.884119963869,0.902368769059,-1.79386800361,1.24001563997,3.03388364358,-0.134544926992,0.134544926992,0.0864157231432,,2.45542432443,4.42182698209,0.0211886259738,0.0382115376272
LC1,RootFxb2,kN,318.126521535,67.4499433763,325.198368024,149.526187256,515.890394266,366.36420701,282.889848211,69.0577414501,291.196905676,107.799700705,496.990588913,389.190888208,-35.2366733239,35.2366733239,32.5198368024,-11.0763079902,2.38369076872,-10.4556066978,1.60779807377,-34.0014623483
LC1,RootFyb2,kN,-4.80318131984,476.177487077,476.2017112,-717.427388394,691.341244625,1408.76863302,3.19435801683,466.34797269,466.358912807,-694.302556563,687.214209342,1381.5167659,7.99753933667,7.99753933667,47.62017112,,-2.06425432833,-2.06693889611,-9.82951438751,-9.84279839272
LC1,RootMxb2,kN-m,263.552514897,13231.5450526,13234.1695776,-19280.2450367,21017.3888408,40297.6338775,277.31260005,12831.9833149,12834.979473,-19219.7316713,20527.3560206,39747.0876918,13.7600851526,13.7600851526,1323.41695776,,-3.01976629465,-3.01635929836,-399.561737762,-399.190104614
LC1,RootMyb2,kN-m,19381.3409082,3936.67458158,19777.1024714,10608.4495764,32419.3130997,21810.8635233,16676.6476012,3942.00874111,17136.2191901,7617.3887118,30440.193842,22822.8051302,-2704.69330702,2704.69330702,1977.71024714,-13.9551402549,0.135499122733,-13.3532365781,5.33415952289,-2640.88328129
LC1,TipDxb3,m,4.57396024636,0.947683273,4.67110435777,2.65294698054,7.71104272717,5.05809574663,4.44231959218,1.0720124881,4.56983742968,2.24812122097,8.07788623403,5.82976501305,-0.131640654183,0.131640654183,0.467110435777,-2.87804543749,13.119279261,-2.1679440308,0.124329215095,-0.101266928097
LC1,TipDyb3,m,-0.0435256416352,0.864192661501,0.865288066295,-1.49159153259,1.24412844352,2.73571997611,-0.181583279844,0.884241968296,0.902693938173,-1.77144199001,1.21641333535,2.98785532536,-0.138057638208,0.138057638208,0.0865288066295,,2.32000428707,4.32293860693,0.0200493067954,0.037405871879
LC1,RootFxb3,kN,318.22309036,67.4086787065,325.284283671,160.57147298,517.598702952,357.027229971,283.692527828,68.9042454483,291.940482609,118.718542376,490.674600115,371.956057739,-34.5305625324,34.5305625324,32.5284283671,-10.851054992,2.21865607005,-10.2506646449,1.49556674186,-33.3438010617
LC1,RootFyb3,kN,-2.99489933621,477.17259076,477.181989177,-718.604783828,691.311646132,1409.91642996,4.11945863041,466.774316876,466.792494407,-697.876672636,687.380647237,1385.25731987,7.11435796661,7.11435796661,47.7181989177,,-2.17914316222,-2.17726045936,-10.3982738836,-10.3894947695
LC1,RootMxb3,kN-m,218.905030195,13253.7460545,13255.5536999,-19210.1992445,21185.6810236,40395.880268,257.304781357,12840.962477,12843.5401305,-18958.1528477,20682.9607011,39641.1135489,38.3997511618,38.3997511618,1325.55536999,,-3.11446722963,-3.1082335649,-412.783577566,-412.013569313
LC1,RootMyb3,kN-m,19376.8251135,3990.19122459,19783.4015652,10976.487075,32500.6241973,21524.1371223,16757.160594,3981.90541782,17223.7627111,7968.55089577,30358.646186,22390.0952902,-2619.66451956,2619.66451956,1978.34015652,-13.5195755972,-0.207654378018,-12.9383152116,-8.28580676914,-2559.63885407
LC2,GenPwr,kW,11731.6731169,3160.81749961,12150.017341,5284.83186989,16064.8609241,10780.0290542,11385.0783701,2970.77004636,11766.285912,5294.60271515,15539.7713451,10245.16863,-346.59474675,346.59474675,1215.0017341,-2.95435052867,-6.01260443754,-3.15827885901,-190.047453244,-383.731429046
LC2,GenTq,kN-m,16630.347361,3001.6000076,16899.0548835,9954.54498964,19786.8013308,9832.25634116,16391.728946,2885.27608267,16643.7254217,9975.43621134,19786.8003996,9811.36418828,-238.618414991,238.618414991,1689.90548835,-1.43483722746,-3.87539727592,-1.51090971358,-116.323924929,-255.329461737
LC2,RotSpeed,rpm,6.89763823397,0.790009557216,6.94273204922,5.22352718215,8.09663600555,2.87310882341,6.80188963066,0.733115582471,6.84128357875,5.24621169732,7.83204422841,2.58583253109,-0.0957486033175,0.0957486033175,0.694273204922,-1.3881360557,-7.20168183097,-1.46121828914,-0.056893974745,-0.101448470469
LC2,GenSpeed,rpm,6.89763823397,0.790009557216,6.94273204922,5.22352718215,8.09663600555,2.87310882341,6.80188963066,0.733115582471,6.84128357875,5.24621169732,7.83204422841,2.58583253109,-0.0957486033175,0.0957486033175,0.694273204922,-1.3881360557,-7.20168183097,-1.46121828914,-0.056893974745,-0.101448470469
LC2,BldPitch1,deg,2.42122444174,2.13440289721,3.22769322038,0,7.42145512092,7.42145512092,1.63251418328,1.42784609317,2.16883540739,0,5.04302945003,5.04302945003,-0.788710258466,0.788710258466,0.322769322038,-32.5748511732,-33.1032536063,-32.8054043768,-0.706556804044,-1.05885781299
LC2,BldPitch2,deg,2.42122444174,2.13440289721,3.22769322038,0,7.42145512092,7.42145512092,1.63251418328,1.42784609317,2.16883540739,0,5.04302945003,5.04302945003,-0.788710258466,0.788710258466,0.322769322038,-32.5748511732,-33.1032536063,-32.8054043768,-0.706556804044,-1.05885781299
LC2,BldPitch3,deg,2.42122444174,2.13440289721,3.22769322038,0,7.42145512092,7.42145512092,1.63251418328,1.42784609317,2.16883540739,0,5.04302945003,5.04302945003,-0.788710258466,0.788710258466,0.322769322038,-32.5748511732,-33.1032536063,-32.8054043768,-0.706556804044,-1.05885781299
LC2,RtAeroFxh,N,1763118.72288,273983.617966,1784279.86983,1128628.64592,2395736.06042,1267107.4145,1629457.9123,223426.079615,1644704.32024,1049757.91786,2130181.2649,1080423.34703,-133660.810586,133660.810586,178427.986983,-7.58093081601,-18.4527595942,-7.82251439129,-50557.5383506,-139575.549599
LC2,RtAeroMxh,N-m,16585100.8377,3299035.75185,16910032.7229,8457502.209,24721435.2647,16263933.0557,16329420.3866,3166437.13276,16633589.3384,8014244.46252,24535408.1005,16521163.638,-255680.451119,255680.451119,1691003.27229,-1.5416273535,-4.01931440174,-1.63478917539,-132598.619092,-276443.384508
LC2,PtfmSurge,m,17.5498134624,5.01081085089,18.2511418259,8.975120908,26.6859676736,17.7108467656,16.8313466989,4.17887789252,17.3423542847,9.21373382907,24.7692277455,15.5554939164,-0.718466763575,0.718466763575,1.82511418259,-4.09387122612,-16.6027611724,-4.97934622301,-0.831932958374,-0.908787541165
LC2,PtfmSway,m,0.75143623615,1.79977204377,1.95034248955,-2.63737123914,3.43539516919,6.07276640833,0.48005248264,1.80280878843,1.86562855728,-2.68446278825,3.23108939136,5.91555217961,-0.271383753511,0.271383753511,0.195034248955,-36.1153402584,0.168729404597,-4.34354133853,0.00303674465356,-0.0847139322766
LC2,PtfmHeave,m,-0.469530017883,0.184411330284,0.504446207668,-0.951721671015,0.00779675476582,0.959518425781,-0.445189005343,0.182048103169,0.480972725158,-0.904950183416,0.0359526465571,0.940902829973,0.0243410125401,0.0243410125401,0.0504446207668,5.18412276382,-1.28149778625,-4.65331727213,-0.00236322711518,-0.02347348251
LC2,PtfmRoll,deg,0.413630190382,0.240701992877,0.478568055527,-0.111370171747,1.09892773177,1.21029790352,0.415006511772,0.25999365646,0.489721457782,-0.157585758393,1.11844718296,1.27603294135,0.00137632138976,0.00137632138976,0.0478568055527,0.332742005242,8.01475025293,2.33057809166,0.019291663583,0.0111534022558
LC2,PtfmPitch,deg,3.63171232307,0.962888086254,3.75719148623,1.52923357601,5.34230860937,3.81307503337,3.27333485787,0.782737272296,3.36562011064,1.39028640054,4.72731464383,3.33702824329,-0.358377465206,0.358377465206,0.375719148623,-9.86800256532,-18.7094239227,-10.4219169298,-0.180150813958,-0.391571375588
LC2,PtfmYaw,deg,0.748090267971,1.09400568659,1.32532542846,-1.25666774006,2.93211819885,4.18878593891,0.492475436811,1.01269982124,1.12609634748,-1.47431574824,2.50415016379,3.97846591203,-0.255614831161,0.255614831161,0.132532542846,-34.1689822879,-7.43194174819,-15.0324649859,-0.0813058653496,-0.199229080983
LC2,TTDspFA,m,0.277280546624,0.0901817496736,0.291577175908,0.0178500816758,0.477028984555,0.459178902879,0.244390602661,0.0762708210875,0.256015633934,-0.00398153445015,0.432007765458,0.435989299908,-0.0328899439628,0.0328899439628,0.0291577175908,-11.8616124944,-15.4254365617,-12.1962708032,-0.0139109285861,-0.035561541974
LC2,TTDspSS,m,-0.0577297514556,0.0193590601735,0.0608892224776,-0.118839810588,-0.00276913616706,0.116070674421,-0.0577628849343,0.0203406259479,0.0612396272024,-0.121467651938,-0.00312620650143,0.118341445437,-3.31334786646e-05,3.31334786646e-05,0.00608892224776,-0.0573941127914,5.07031728602,0.575479059313,0.00098156577439,0.000350404724737
LC2,YawBrFxp,kN,2342.17521361,463.040915424,2387.50740745,919.113618484,3366.96630765,2447.85268916,2146.08085256,382.53201858,2179.90682622,904.470768987,3111.54025018,2207.06948119,-196.09436105,196.09436105,238.750740745,-8.37231817287,-17.386994143,-8.69528532502,-80.5088968444,-207.600581234
LC2,YawBrFyp,kN,-81.0232504024,76.4490777256,111.396717146,-350.036608536,139.717562436,489.754170972,-86.3713541842,86.8843178097,122.510797503,-413.776283678,164.692020781,578.468304459,-5.34810378175,5.34810378175,11.1396717146,-6.60070258252,13.6499227912,9.97702682999,10.4352400841,11.1140803574
LC2,YawBrFzp,kN,-9196.12044311,101.542396841,9196.68103517,-9606.62124435,-8870.89621328,735.725031067,-9140.76244551,125.1266177,9141.61882577,-9681.66771796,-8707.12080887,974.546909083,55.3579976062,55.3579976062,919.668103517,0.601971211107,23.2259840151,-0.598718267904,23.5842208588,-55.0622093984
LC2,YawBrMxp,kN-m,17425.7537888,3360.12234818,17746.7551204,9131.74272642,22519.255873,13387.5131466,17074.6115174,3250.97780815,17381.3467596,8984.5641996,22897.7094381,13913.1452384,-351.142271443,351.142271443,1774.67551204,-2.01507651089,-3.24823112732,-2.059015061,-109.14454003,-365.408360769
LC2,YawBrMyp,kN-m,-55113.2267933,6138.55084453,55454.0311793,-72324.2562959,-35316.5654801,37007.6908159,-54466.796904,6205.9865086,54819.2140907,-71247.7990815,-35255.8115332,35991.9875483,646.429889299,646.429889299,5545.40311793,1.17291243302,1.09855999852,-1.14476274332,67.4356640669,-634.817088611
LC2,YawBrMzp,kN-m,3641.92543628,4412.34591201,5721.22515993,-10662.6897831,16342.2363993,27004.9261824,2363.37247368,4572.72663959,5147.36421577,-10667.1761465,17841.747054,28508.9232004,-1278.5529626,1278.5529626,572.122515993,-35.106511239,3.63481764077,-10.0303855927,160.380727582,-573.860944166
LC2,TipDxb1,m,11.3386315698,1.9760274494,11.5095286766,6.12766958808,15.1525371139,9.02486752581,11.0900997714,1.70525107643,11.220436452,5.90715673357,15.1359767084,9.22881997487,-0.248531798457,0.248531798457,1.15095286766,-2.19190293755,-13.7030673866,-2.51176423239,-0.270776372969,-0.289092224616
LC2,TipDyb1,m,-0.347666650894,0.888864947183,0.954438575538,-1.82578331669,1.28613674463,3.11192006132,-0.89032650982,0.922291908951,1.28191406085,-2.51117085185,0.95153958389,3.46271043574,-0.542659858926,0.542659858926,0.0954438575538,-156.086256053,3.76063448943,34.3107973321,0.0334269617682,0.327475485313
LC2,RootFxb1,kN,781.227393633,138.093096249,793.338479965,409.686077282,1082.45729691,672.771219631,727.442565308,119.987226804,737.271741231,363.030403644,1045.38877213,682.358368484,-53.7848283249,53.7848283249,79.3338479965,-6.88465724106,-13.1113501951,-7.06719012757,-18.1058694444,-56.0667387343
LC2,RootFyb1,kN,-56.7432637521,477.389743326,480.750210624,-791.429115031,695.336921791,1486.76603682,-55.3377871839,468.616604319,471.872644401,-771.699377445,669.748598957,1441.4479764,1.40547656821,1.40547656821,48.0750210624,2.47690470246,-1.83773093796,-1.84660682965,-8.77313900778,-8.87756622294
LC2,RootMxb1,kN-m,3153.3338337,13387.5425822,13753.9016521,-19278.9547029,24198.5599751,43477.514678,3929.08048736,13028.0100544,13607.5978576,-17137.175342,24575.0575733,41712.2329153,775.746653659,775.746653659,1375.39016521,24.6008413498,-2.68557523167,-1.06372575713,-359.532527716,-146.303794484
LC2,RootMyb1,kN-m,48599.3352685,8274.29599136,49298.6750602,27600.9094186,66048.5838444,38447.6744258,43839.295856,6834.87215125,44368.9005777,24562.8566728,61149.087371,36586.2306981,-4760.03941249,4760.03941249,4929.86750602,-9.79445374343,-17.3963300517,-9.99981130625,-1439.42384011,-4929.7744825
LC2,TipDxb2,m,11.3331845468,2.07592956727,11.5217427301,6.50318542395,16.4804736908,9.97728826686,11.017349248,1.6678940465,11.1428836036,5.87976753787,14.826967461,8.9471999231,-0.315835298731,0.315835298731,1.15217427301,-2.78681863361,-19.6555570672,-3.28821025948,-0.408035520769,-0.378859126524
LC2,TipDyb2,m,-0.351202061042,0.891874450217,0.958531649258,-1.90062171146,1.24122347106,3.14184518252,-0.878714463111,0.919225694515,1.27165836023,-2.58940348997,0.885665363763,3.47506885373,-0.52751240207,0.52751240207,0.0958531649258,-150.201966499,3.0667146359,32.6673314556,0.0273512442986,0.31312671097
LC2,RootFxb2,kN,780.792075406,139.915654296,793.229257739,438.04549431,1097.7914292,659.745934885,723.346798162,120.667737585,733.342548408,379.852897914,1070.10367352,690.250775605,-57.4452772439,57.4452772439,79.3229257739,-7.35730792529,-13.7567999862,-7.54973530632,-19.247916711,-59.8867093316
LC2,RootFyb2,kN,-59.1319930796,477.036893958,480.687830929,-788.069757447,685.847320273,1473.91707772,-54.1970517242,468.775745761,471.898315561,-778.888273461,666.947314765,1445.83558823,4.93494135544,4.93494135544,48.0687830929,8.34563676688,-1.73176295202,-1.82852878768,-8.26114819704,-8.78951536739
LC2,RootMxb2,kN-m,3210.9591619,13393.8483823,13773.3595476,-18844.4381356,24673.7341276,43518.1722632,3856.6012264,13022.8341588,13581.8843518,-17341.0785366,24828.301633,42169.3801696,645.642064498,645.642064498,1377.33595476,20.1074517596,-2.77003451872,-1.39018512629,-371.014223576,-191.475195821
LC2,RootMyb2,kN-m,48538.7897539,8506.8998589,49278.6105322,27222.0529037,66764.9952614,39542.9423576,43548.2741637,6708.19718864,44061.9120348,24794.0017051,61077.644376,36283.6426709,-4990.51559018,4990.51559018,4927.86105322,-10.2814998386,-21.1440442475,-10.5861314698,-1798.70267026,-5216.69849741
LC2,TipDxb3,m,11.3977212322,2.05583598431,11.5816454306,5.7201506885,16.3008251238,10.5806744353,11.0867064797,1.65084408284,11.2089404831,7.46131170362,15.4611906321,7.99987892844,-0.311014752441,0.311014752441,1.15816454306,-2.72874503689,-19.6996212033,-3.21806560011,-0.404991901471,-0.37270494753
LC2,TipDyb3,m,-0.341595102084,0.896541697103,0.959413481463,-1.89592364852,1.29930063183,3.19522428035,-0.88907792775,0.921497360728,1.28047528185,-2.5140284211,0.882674878577,3.39670329968,-0.547482825665,0.547482825665,0.0959413481463,-160.27244604,2.78354745851,33.4643828333,0.0249556636242,0.321061800391
LC2,RootFxb3,kN,783.534379446,137.657728988,795.534898118,425.184042416,1112.66119155,687.477149137,724.7095576,117.343184347,734.148054407,399.061703699,1026.30071471,627.239011012,-58.8248218453,58.8248218453,79.5534898118,-7.50762485839,-14.7572859078,-7.71642373651,-20.314544641,-61.3868437106
LC2,RootFyb3,kN,-50.593868286,478.008016042,480.678065766,-785.984691917,685.432534067,1471.41722598,-55.0358943675,469.182855645,472.399726609,-780.097502602,676.456571585,1456.55407419,-4.44202608145,4.44202608145,48.0678065766,-8.77977160461,-1.84623690412,-1.72222111776,-8.8251603968,-8.27833915705
LC2,RootMxb3,kN-m,3016.96371661,13445.0164387,13779.3518391,-19112.5360041,25050.2543558,44162.7903599,3904.15803989,13052.9032761,13624.2700331,-17495.5980145,24958.2681679,42453.8661824,887.194323274,887.194323274,1377.93518391,29.4068608909,-2.9164201056,-1.12546517245,-392.11316262,-155.081805938
LC2,RootMyb3,kN-m,48788.1921633,8421.75264519,49509.7324995,27105.1760751,69631.5714651,42526.3953899,43717.4394672,6550.97868488,44205.540776,26249.8913184,62959.9352531,36710.0439347,-5070.75269607,5070.75269607,4950.97324995,-10.3934014999,-22.2135942378,-10.7134324016,-1870.77396031,-5304.19172355
LC3,GenPwr,kW,14509.8267904,1427.44713041,14579.8723862,10570.0397531,16565.9143717,5995.87461856,14406.4626391,1387.43759812,14473.1181457,10412.3637082,16141.8074454,5729.44373712,-103.364151328,103.364151328,1457.98723862,-0.712373433677,-2.80287314583,-0.732202845473,-40.0095322892,-106.754240478
LC3,GenTq,kN-m,19265.505074,1116.20120465,19297.8131115,15777.1762627,19786.7993542,4009.62309148,19175.2061564,1178.16956989,19211.3668092,15788.3936253,19786.7995887,3998.40596339,-90.2989176033,90.2989176033,1929.78131115,-0.468707761652,5.55171997461,-0.447959060592,61.9683652356,-86.4463023291
LC3,RotSpeed,rpm,7.4966300532,0.422309521779,7.50851566468,6.44744674579,8.34917086688,1.90172412109,7.47768738937,0.353589599386,7.48604263266,6.5369588232,8.13549415211,1.59853532891,-0.0189426638241,0.0189426638241,0.750851566468,-0.252682387815,-16.2724065761,-0.299300594431,-0.0687199223935,-0.0224730320173
LC3,GenSpeed,rpm,7.4966300532,0.422309521779,7.50851566468,6.44744674579,8.34917086688,1.90172412109,7.47768738937,0.353589599386,7.48604263266,6.5369588232,8.13549415211,1.59853532891,-0.0189426638241,0.0189426638241,0.750851566468,-0.252682387815,-16.2724065761,-0.299300594431,-0.0687199223935,-0.0224730320173
LC3,BldPitch1,deg,9.68531224807,3.86449390547,10.4278275057,0.244158463531,14.9498349585,14.7056764949,7.59532765127,3.2566805609,8.26407710551,0.0999210597488,12.3840016255,12.2840805657,-2.0899845968,2.0899845968,1.04278275057,-21.5789077654,-15.7281486124,-20.7497716948,-0.60781334457,-2.16375040016
LC3,BldPitch2,deg,9.68531224807,3.86449390547,10.4278275057,0.244158463531,14.9498349585,14.7056764949,7.59532765127,3.2566805609,8.26407710551,0.0999210597488,12.3840016255,12.2840805657,-2.0899845968,2.0899845968,1.04278275057,-21.5789077654,-15.7281486124,-20.7497716948,-0.60781334457,-2.16375040016
LC3,BldPitch3,deg,9.68531224807,3.86449390547,10.4278275057,0.244158463531,14.9498349585,14.7056764949,7.59532765127,3.2566805609,8.26407710551,0.0999210597488,12.3840016255,12.2840805657,-2.0899845968,2.0899845968,1.04278275057,-21.5789077654,-15.7281486124,-20.7497716948,-0.60781334457,-2.16375040016
LC3,RtAeroFxh,N,1345610.32807,316735.499095,1382385.08796,740251.849179,2528645.34041,1788393.49123,1337173.78922,273873.043974,1364932.30117,299773.224424,2223432.01545,1923658.79102,-8436.53885589,8436.53885589,138238.508796,-0.626967457062,-13.5325706287,-1.26251266275,-42862.4551212,-17452.7867835
LC3,RtAeroMxh,N-m,19230580.1754,2994586.4695,19462342.1511,9810784.84635,27871607.0338,18060822.1875,19149350.1653,3523154.52527,19470753.1842,3699275.31267,32863513.0123,29164237.6996,-81230.0101703,81230.0101703,1946234.21511,-0.42240020545,17.6507862152,0.0432169624671,528568.055761,8411.03310266
LC3,PtfmSurge,m,14.928454038,4.32474115959,15.5422690126,7.77679757535,25.2653043744,17.488506799,14.943363203,3.61166068153,15.3736201558,9.12404227723,23.5089144219,14.3848721446,0.0149091650346,0.0149091650346,1.55422690126,0.0998707903491,-16.4883966865,-1.08509804252,-0.713080478058,-0.168648856819
LC3,PtfmSway,m,-0.518572829958,1.02574923141,1.14938212345,-1.98940950556,1.63508411029,3.62449361586,-0.47211960671,1.07774086946,1.1766147648,-2.41770427356,2.08586477382,4.50356904738,0.0464532232474,0.0464532232474,0.114938212345,8.95789763055,5.06864996373,2.36932877148,0.051991638046,0.0272326413453
LC3,PtfmHeave,m,-0.418062806111,0.271481047249,0.49847614674,-0.965126377548,0.341157637717,1.30628401526,-0.406648586304,0.27140377922,0.48889987126,-0.935724372181,0.345953760271,1.28167813245,0.0114142198076,0.0114142198076,0.049847614674,2.73026436237,-0.0284616661422,-1.92111007586,-7.72680293075e-05,-0.00957627548081
LC3,PtfmRoll,deg,0.587341763518,0.233278947157,0.63197263735,-0.0378783909873,1.06640591479,1.10428430577,0.583898769235,0.243976264532,0.632820820113,-0.0114078159021,1.14986936714,1.16127718305,-0.00344299428354,0.00344299428354,0.063197263735,-0.586199466375,4.58563342499,0.134211944097,0.0106973173743,0.000848182762749
LC3,PtfmPitch,deg,2.6620534579,0.992722621734,2.84113125646,0.972913531461,5.10833889411,4.13542536264,2.65297804335,0.763039797324,2.76052933888,1.20936984123,4.42452919307,3.21515935184,-0.00907541455116,0.00907541455116,0.284113125646,-0.340917817568,-23.1366566432,-2.83696564172,-0.229682824409,-0.080601917582
LC3,PtfmYaw,deg,0.585667585594,2.48282122834,2.55096212687,-3.719342215,5.30853553383,9.02787774883,0.710690395539,2.65500527379,2.74847845947,-3.54177816452,5.86533655418,9.4071147187,0.125022809945,0.125022809945,0.255096212687,21.3470598374,6.93501583933,7.74281713236,0.172184045448,0.197516332599
LC3,TTDspFA,m,0.192119644372,0.0979451518477,0.215646030625,-0.0468462520045,0.482481100278,0.529327352282,0.19126214724,0.0815480858642,0.207921377629,-0.0359180725224,0.430729275566,0.466647348088,-0.000857497132236,0.000857497132236,0.0215646030625,-0.446334957072,-16.7410695416,-3.5820983923,-0.0163970659834,-0.00772465299607
LC3,TTDspSS,m,-0.0785971035695,0.0180202945514,0.0806364415462,-0.136342422555,-0.0234920904583,0.112850332097,-0.078152562,0.0192313139835,0.0804839511002,-0.139337712244,-0.0191403752296,0.120197337014,0.000444541569462,0.000444541569462,0.00806364415462,0.565595358191,6.72030875332,-0.189108600353,0.00121101943211,-0.000152490445982
LC3,YawBrFxp,kN,1763.65920977,524.013374235,1839.85972959,655.026261767,3361.60890703,2706.58264526,1752.07237634,432.364171694,1804.63192615,588.760193648,3044.86051767,2456.10032402,-11.5868334299,11.5868334299,183.985972959,-0.656976890189,-17.4898594287,-1.91470049987,-91.6492025415,-35.2278034394
LC3,YawBrFyp,kN,-158.456210267,88.5738797375,181.531547517,-460.860749192,111.083002766,571.943751957,-156.168903068,101.2791191,186.134860386,-495.727816822,212.164035796,707.891852618,2.28730719944,2.28730719944,18.1531547517,1.44349482774,14.3442281182,2.53581976919,12.7052393627,4.60331286926
LC3,YawBrFzp,kN,-9154.41667,148.690811473,9155.62414723,-9651.09152479,-8675.62058522,975.470939576,-9111.32769428,205.0960962,9113.63575974,-9952.53122661,-8320.12333275,1632.40789386,43.0889757124,43.0889757124,915.562414723,0.470690566813,37.9346135567,-0.458607592546,56.4052847266,-41.9883874841
LC3,YawBrMxp,kN-m,20380.3670104,1572.67827903,20440.9558594,15711.2509412,23523.2514782,7812.00053701,20352.3433417,1759.92857269,20428.2947913,14753.0080409,24087.7337581,9334.72571722,-28.0236686742,28.0236686742,2044.09558594,-0.137503258209,11.9064589468,-0.061939706885,187.250293658,-12.6610681438
LC3,YawBrMyp,kN-m,-49150.7475694,6539.39215761,49583.8646782,-66864.1790936,-29895.333822,36968.8452716,-48708.3284025,7044.22860527,49215.062861,-72104.0965065,-24919.8238444,47184.2726621,442.419166915,442.419166915,4958.38646782,0.900127035281,7.71992924553,-0.743794013635,504.836447655,-368.801817205
LC3,YawBrMzp,kN-m,3458.16963403,8564.12634713,9235.97300274,-19376.1401209,26968.3383486,46344.4784695,4146.53444942,8955.35356575,9868.74386272,-20306.8273381,28291.3148788,48598.1422169,688.364815396,688.364815396,923.597300274,19.9054670026,4.56820932774,6.85115536604,391.227218629,632.770859983
LC3,TipDxb1,m,6.93782221814,3.41603935872,7.73322067646,-0.23299539835,17.0477412776,17.2807366759,6.44377667373,3.79871671229,7.48014080623,-2.80721700655,16.8732950376,19.6805120441,-0.494045544408,0.494045544408,0.773322067646,-7.12104647358,11.2023695684,-3.27263220348,0.382677353565,-0.253079870224
LC3,TipDyb1,m,-0.0314509840779,0.863933307129,0.864505594873,-1.86821285507,1.45473747169,3.32295032677,-0.409576731324,0.97076167107,1.05362769556,-2.55170734782,1.92560852453,4.47731587235,-0.378125747246,0.378125747246,0.0864505594873,,12.3653484661,21.8763304498,0.106828363941,0.189122100692
LC3,RootFxb1,kN,648.969073049,179.822864496,673.421948239,185.324069937,1172.38701204,987.062942108,640.386228757,173.336644836,663.430564886,45.8173153876,1126.80260099,1080.9852856,-8.58284429208,8.58284429208,67.3421948239,-1.32253517903,-3.60700497026,-1.48367355403,-6.48621966003,-9.99138335306
LC3,RootFyb1,kN,-8.41524295421,468.32646435,468.402063963,-770.950992261,717.623776272,1488.57476853,-21.9050961515,463.696653282,464.213764878,-786.05785596,733.038722403,1519.09657836,-13.4898531973,13.4898531973,46.8402063963,,-0.988586257753,-0.894167512659,-4.62981106798,-4.18829908458
LC3,RootMxb1,kN-m,274.406641072,13047.2870476,13050.1723478,-20155.6195124,23513.5567259,43669.1762384,1822.62009068,12837.4374461,12966.1769299,-20587.1985048,24621.7563614,45208.9548662,1548.2134496,1548.2134496,1305.01723478,,-1.60837728721,-0.643634548469,-209.84960147,-83.9954178649
LC3,RootMyb1,kN-m,35703.2856386,11990.5329799,37662.9458027,6010.82158739,74079.436965,68068.6153776,33399.0017158,11564.5156043,35344.4668481,-3006.38140095,68379.5989307,71385.9803316,-2304.28392279,2304.28392279,3766.29458027,-6.4539828242,-3.55294778234,-6.15586196238,-426.0173756,-2318.47895458
LC3,TipDxb2,m,7.00684572392,3.45142548459,7.8107762018,-0.951914211341,15.5722691591,16.5241833704,6.46688623359,3.696464124,7.44878947066,-2.37811689498,15.2504656022,17.6285824972,-0.539959490332,0.539959490332,0.78107762018,-7.70617067375,7.0996358029,-4.63445273275,0.245038639414,-0.361986731133
LC3,TipDyb2,m,-0.0526422728901,0.876112713027,0.877692824867,-1.9082052505,1.52650028724,3.43470553774,-0.417349657495,0.974555463348,1.06015993499,-2.65263420771,2.08689717167,4.73953137938,-0.364707384605,0.364707384605,0.0877692824867,,11.2363111341,20.7894043281,0.098442750321,0.182467110121
LC3,RootFxb2,kN,655.72335354,174.227373546,678.474976746,155.204440422,1099.58790191,944.383461492,642.27979609,162.872101566,662.608978157,-3.85701460412,1051.91097826,1055.76799287,-13.4435574503,13.4435574503,67.8474976746,-2.05018738127,-6.51750166975,-2.33847955096,-11.35527198,-15.8659985896
LC3,RootFyb2,kN,-18.5098007872,470.741485028,471.105251989,-782.921045499,725.679239978,1508.60028548,-26.4996103553,465.72129489,466.47460152,-804.657879819,716.78210833,1521.43998815,-7.98980956809,7.98980956809,47.1105251989,,-1.066443111,-0.982933314653,-5.02019013769,-4.63065046888
LC3,RootMxb2,kN-m,580.339095402,13170.8886218,13183.6679476,-21515.3740261,24731.0507104,46246.4247365,1930.73717656,12973.6114709,13116.4911712,-21397.8865133,25413.8259399,46811.7124532,1350.39808116,1350.39808116,1318.36679476,,-1.49782718919,-0.50954542157,-197.277150835,-67.1767764221
LC3,RootMyb2,kN-m,36093.2283141,11998.8897657,38035.4372361,3958.11082747,68838.4372314,64880.3264039,33512.0634891,11040.5323563,35283.8738521,-5161.21434181,61893.0772388,67054.2915806,-2581.16482495,2581.16482495,3803.54372361,-7.15138253218,-7.98705070324,-7.23420994728,-958.357409414,-2751.56338403
LC3,TipDxb3,m,7.05813235813,3.567602239,7.90854083385,-0.754827931507,17.8962222278,18.6510501593,6.55417787246,3.81988678905,7.58609139577,-3.11487386466,15.9418652778,19.0567391424,-0.503954485672,0.503954485672,0.790854083385,-7.14005433876,7.07154366283,-4.07723048855,0.252284550047,-0.322449438077
LC3,TipDyb3,m,-0.0541758382147,0.868022114764,0.869711109027,-1.90764433112,1.59918853102,3.50683286213,-0.438069895279,0.985775589989,1.07873015484,-2.58992407976,2.18670049821,4.77662457797,-0.383894057065,0.383894057065,0.0869711109027,,13.565722949,24.0331580966,0.117753475225,0.209019045816
LC3,RootFxb3,kN,657.446903077,184.688315767,682.895456382,103.638327449,1176.59110733,1072.95277988,647.787299988,165.524004888,668.600465315,-22.5327378491,1063.71475053,1086.24748837,-9.65960308923,9.65960308923,68.2895456382,-1.46925980547,-10.3765691945,-2.09329128388,-19.1643108797,-14.2949910665
LC3,RootFyb3,kN,-16.9163565031,468.908579606,469.213617818,-779.43552563,736.604851613,1516.04037724,-31.5059255098,466.015382051,467.079179209,-804.540129593,748.130834302,1552.67096389,-14.5895690067,14.5895690067,46.9213617818,,-0.617006743139,-0.454896986798,-2.89319755533,-2.1344386091
LC3,RootMxb3,kN-m,571.84926816,13067.1305609,13079.6373299,-21977.9945787,24172.4783166,46150.4728953,2128.05846307,12977.1794703,13150.5064476,-21494.8456836,25800.5991971,47295.4448807,1556.20919491,1556.20919491,1307.96373299,,-0.688376764288,0.541827849879,-89.9510905402,70.8691177163
LC3,RootMyb3,kN-m,36240.2329732,12616.9953454,38373.7287411,3560.41109898,76081.8595723,72521.4484733,33851.6463575,11524.6252516,35759.6273513,-8663.44740854,64806.9250835,73470.372492,-2388.58661565,2388.58661565,3837.37287411,-6.59098029922,-8.65792578827,-6.81221626233,-1092.37009371,-2614.10138977
